Workbook
Name Slicer_Assignment_Group: #N/A
Name Slicer_Category: #N/A
Name Slicer_Created_Month: #N/A
Name Slicer_Priority: #N/A

Sheet Raw Data
A1: Ticket_ID | B1: Created_Date | C1: Resolved_Date | D1: Priority | E1: Status | F1: Category | G1: Assignment_Group | H1: Assigned_Agent | I1: Location | J1: Channel | K1: Impact | L1: Urgency
A2: TCK-1001 | B2: 45670 | C2: 45673 | D2: P4 | E2: Closed | F2: Password Reset | G2: Security | I2: Makati | J2: Chat | K2: Low | L2: Medium
A3: TCK-1002 | B3: 45661 | C3: 45665 | D3: P4 | E3: Closed | F3: Software Install | G3: Infrastructure | H3: Agent O | I3: Manila | J3: Portal | K3: Low | L3: Low
A4: TCK-1003 | B4: 45978 | C4: 45984 | D4: P1 | E4: Resolved | F4: Email Issue | G4: Network | H4: Agent G | I4: Davao | J4: Phone | K4: Low | L4: Low
A5: TCK-1004 | B5: 45843 | C5: 45843 | D5: P4 | E5: Resolved | F5: Login Issue | G5: Security | H5: Agent K | I5: Cebu | J5: Chat | K5: High | L5: Medium
A6: TCK-1005 | B6: 45894 | C6: 45902 | D6: P4 | E6: Resolved | F6: Access Request | G6: Applications | H6: Agent M | I6: Davao | J6: Portal | K6: Low | L6: High
A7: TCK-1006 | B7: 45945 | C7: 45952 | D7: P3 | E7: Closed | F7: Login Issue | G7: Network | H7: Agent D | I7: Iloilo | J7: Phone | K7: High | L7: Medium
A8: TCK-1007 | B8: 45716 | C8: 45716 | D8: P2 | E8: Closed | F8: Hardware Failure | G8: Applications | H8: Agent R | I8: Clark | J8: Chat | K8: Low | L8: High
A9: TCK-1008 | B9: 45934 | C9: 45935 | D9: P2 | E9: Resolved | F9: VPN Issue | G9: Service Desk | H9: Agent C | I9: Davao | J9: Phone | K9: High | L9: High
A10: TCK-1009 | B10: 45968 | C10: 45973 | D10: P4 | E10: In Progress | F10: Password Reset | G10: Security | H10: Agent H | I10: Makati | J10: Email | K10: High | L10: Low
A11: TCK-1010 | B11: 45688 | D11: P1 | E11: Resolved | F11: Software Install | G11: Network | H11: Agent I | I11: Cebu | J11: Email | K11: High | L11: Low
A12: TCK-1011 | B12: 45874 | C12: 45875 | D12: P4 | E12: Closed | F12: Login Issue | G12: Applications | H12: Agent R | I12: Makati | J12: Phone | K12: Medium | L12: High
A13: TCK-1012 | B13: 45665 | C13: 45665 | D13: P2 | E13: Closed | F13: Network Issue | G13: Service Desk | H13: Agent H | I13: Davao | J13: Email | K13: Low | L13: High
A14: TCK-1013 | B14: 45954 | C14: 45956 | D14: P1 | E14: Resolved | F14: VPN Issue | G14: Service Desk | I14: Manila | J14: Phone | K14: Low | L14: Medium
A15: TCK-1014 | B15: 45956 | C15: 45957 | D15: P2 | E15: Closed | F15: Login Issue | G15: Network | H15: Agent D | I15: BGC | J15: Portal | K15: Low | L15: High
A16: TCK-1015 | B16: 45836 | C16: 45839 | D16: P4 | E16: Closed | F16: VPN Issue | G16: Infrastructure | H16: Agent O | I16: Davao | J16: Email | K16: High | L16: High
A17: TCK-1016 | B17: 45762 | C17: 45768 | D17: P3 | E17: Closed | F17: Hardware Failure | G17: Infrastructure | H17: Agent H | I17: Iloilo | J17: Chat | K17: Low | L17: Low
A18: TCK-1017 | B18: 46011 | C18: 46020 | D18: P2 | E18: Closed | F18: VPN Issue | G18: Service Desk | H18: Agent B | I18: Makati | J18: Chat | K18: Medium | L18: Medium
A19: TCK-1018 | B19: 45779 | C19: 45780 | D19: P1 | E19: In Progress | F19: Hardware Failure | G19: Applications | H19: Agent R | I19: Manila | J19: Portal | K19: High | L19: Low
A20: TCK-1019 | B20: 45774 | D20: P2 | E20: Open | F20: Software Install | G20: Network | H20: Agent N | I20: BGC | J20: Chat | K20: High | L20: Low
A21: TCK-1020 | B21: 45793 | D21: P3 | E21: Resolved | F21: VPN Issue | G21: Applications | H21: Agent F | I21: Cebu | J21: Email | K21: Medium | L21: Medium
A22: TCK-1021 | B22: 45977 | C22: 45981 | D22: P2 | E22: Closed | F22: Network Issue | G22: Service Desk | H22: Agent H | I22: Iloilo | J22: Phone | K22: High | L22: High
A23: TCK-1022 | B23: 45954 | C23: 45957 | D23: P2 | E23: Closed | F23: VPN Issue | H23: Agent D | I23: Makati | J23: Chat | K23: High | L23: Low
A24: TCK-1023 | B24: 45901 | C24: 45904 | D24: P4 | E24: Resolved | F24: Access Request | G24: Security | H24: Agent F | I24: Cebu | J24: Portal | K24: High | L24: Low
A25: TCK-1024 | B25: 45720 | C25: 45727 | D25: P3 | E25: Resolved | F25: Software Install | G25: Network | H25: Agent C | I25: Davao | J25: Chat | K25: Medium | L25: High
A26: TCK-1025 | B26: 45924 | C26: 45925 | D26: P2 | E26: resolved | F26: Software Install | G26: Security | H26: Agent R | I26: Cebu | J26: Phone | K26: Medium | L26: Medium
A27: TCK-1026 | B27: 45873 | C27: 45874 | D27: P3 | E27: Resolved | F27: Login Issue | G27: Applications | H27: Agent O | I27: Cebu | J27: Portal | K27: High | L27: Medium
A28: TCK-1027 | B28: 45857 | C28: 45860 | D28: P2 | E28: RESOLVED | F28: Software Install | G28: Service Desk | H28: Agent G | I28: Makati | J28: Phone | K28: Medium | L28: Low
A29: TCK-1028 | B29: 45852 | C29: 45854 | D29: P2 | E29: Resolved | F29: Password Reset | G29: Infrastructure | H29: Agent M | I29: Manila | J29: Phone | K29: High | L29: Low
A30: TCK-1029 | B30: 45769 | C30: 45769 | D30: P4 | E30: Closed | F30: Software Install | G30: Applications | H30: Agent L | I30: Clark | J30: Phone | K30: Medium | L30: High
A31: TCK-1030 | B31: 46008 | C31: 46011 | D31: P4 | E31: Resolved | F31: Email Issue | G31: Applications | H31: Agent M | I31: Iloilo | J31: Portal | K31: High | L31: Medium
A32: TCK-1031 | B32: 45991 | C32: 45991 | D32: P2 | E32: Resolved | F32: VPN Issue | G32: Applications | H32: Agent A | I32: Cebu | J32: Phone | K32: Medium | L32: Low
A33: TCK-1032 | B33: 45790 | C33: 45793 | D33: P4 | E33: Resolved | F33: Hardware Failure | G33: Security | H33: Agent F | I33: BGC | J33: Portal | K33: High | L33: High
A34: TCK-1033 | B34: 45900 | C34: 45900 | D34: P4 | E34: IN PROGRESS | F34: Hardware Failure | G34: Applications | H34: Agent A | I34: Cebu | J34: Chat | K34: Medium | L34: High
A35: TCK-1034 | B35: 45842 | D35: P2 | E35: Closed | F35: Login Issue | G35: Network | H35: Agent N | I35: Iloilo | J35: Chat | K35: Medium | L35: Medium
A36: TCK-1035 | B36: 45787 | C36: 45790 | D36: P4 | E36: Closed | F36: Email Issue | G36: Security | H36: Agent A | I36: BGC | J36: Email | K36: High | L36: Medium
A37: TCK-1036 | B37: 45959 | C37: 45964 | D37: P3 | E37: Closed | F37: Email Issue | G37: Network | H37: Agent F | I37: Cebu | J37: Email | K37: Medium | L37: Low
A38: TCK-1037 | B38: 46017 | C38: 46018 | D38: P2 | E38: Closed | F38: Passwrod Reset | G38: Security | H38: Agent I | I38: Cebu | J38: Chat | K38: Medium | L38: High
A39: TCK-1038 | B39: 45864 | C39: 45865 | D39: P1 | E39: Closed | F39: Password Reset | G39: Applications | H39: Agent R | I39: BGC | J39: Portal | K39: Medium | L39: High
A40: TCK-1039 | B40: 45881 | C40: 45882 | D40: P4 | E40: Closed | F40: Software Install | G40: Infrastructure | H40: Agent J | I40: Manila | J40: Email | K40: Low | L40: Low
A41: TCK-1040 | B41: 45864 | C41: 45871 | D41: P3 | E41: In Progress | F41: Password Reset | G41: Network | H41: Agent J | I41: Cebu | J41: Chat | K41: Medium | L41: High
A42: TCK-1041 | B42: 46021 | D42: P3 | E42: Resolved | F42: Hardware Failure | G42: Applications | H42: Agent O | I42: BGC | J42: Chat | K42: Medium | L42: Medium
A43: TCK-1042 | B43: 45732 | C43: 45735 | D43: P1 | E43: In Progress | F43: VPN Issue | G43: Applications | H43: Agent E | I43: Makati | J43: Portal | K43: High | L43: Medium
A44: TCK-1043 | B44: 46015 | D44: P4 | E44: Open | F44: Network Issue | G44: Applications | H44: Agent K | I44: BGC | J44: Chat | K44: Low | L44: High
A45: TCK-1044 | B45: 45891 | D45: P2 | E45: Closed | F45: Password Reset | G45: Service Desk | H45: Agent L | I45: Davao | J45: Chat | K45: Low | L45: Low
A46: TCK-1045 | B46: 45778 | C46: 45781 | D46: P4 | E46: In Progress | F46: Email Issue | G46: Applications | H46: Agent A | I46: BGC | J46: Phone | K46: High | L46: Medium
A47: TCK-1046 | B47: 45745 | D47: P4 | E47: Resolved | F47: Access Request | G47: Infrastructure | I47: BGC | J47: Email | K47: Low | L47: Low
A48: TCK-1047 | B48: 45958 | C48: 45958 | D48: P4 | E48: Closed | F48: Software Install | G48: Network | H48: Agent B | I48: Manila | J48: Portal | K48: Low | L48: High
A49: TCK-1048 | B49: 46019 | C49: 46023 | D49: P4 | E49: Resolved | F49: Hardware Failure | G49: Infrastructure | H49: Agent K | I49: Manila | J49: Phone | K49: High | L49: Low
A50: TCK-1049 | B50: 45683 | C50: 45687 | D50: P3 | E50: Closed | F50: Software Install | G50: Infrastructure | H50: Agent H | I50: Davao | J50: Phone | K50: Low | L50: High
A51: TCK-1050 | B51: 45809 | C51: 45810 | D51: P2 | E51: Closed | F51: Access Request | G51: Infrastructure | H51: Agent R | I51: Cebu | J51: Email | K51: Medium | L51: Low
A52: TCK-1051 | B52: 45861 | C52: 45866 | D52: P1 | E52: Open | F52: Email Issue | G52: Infrastructure | H52: Agent I | I52: Iloilo | J52: Chat | K52: High | L52: Low
A53: TCK-1052 | B53: 45895 | C53: 45896 | D53: P1 | E53: Resolved | F53: Email Issue | G53: Network | H53: Agent E | I53: BGC | J53: Phone | K53: High | L53: Low
A54: TCK-1053 | B54: 45801 | D54: P1 | E54: Open | F54: Software Install | G54: Service Desk | H54: Agent N | I54: Cebu | J54: Chat | K54: Medium | L54: Low
A55: TCK-1054 | B55: 45985 | C55: 45986 | D55: P1 | E55: Resolved | F55: Login Issue | G55: Applications | H55: Agent O | I55: BGC | J55: Phone | K55: High | L55: High
A56: TCK-1055 | B56: 45747 | D56: P2 | E56: Resolved | F56: VPN Issue | G56: Security | H56: Agent G | I56: Cebu | J56: Portal | K56: Medium | L56: Medium
A57: TCK-1056 | B57: 45889 | C57: 45889 | D57: P3 | E57: Resolved | F57: Password Reset | G57: Infrastructure | H57: Agent R | I57: Clark | J57: Email | K57: Medium | L57: Medium
A58: TCK-1057 | B58: 45982 | C58: 45984 | D58: P4 | E58: Closed | F58: Email Issue | G58: Security | H58: Agent I | I58: Iloilo | J58: Email | K58: Low | L58: Low
A59: TCK-1058 | B59: 45706 | C59: 45708 | D59: P2 | E59: Open | F59: Software Install | G59: Service Desk | H59: Agent A | I59: Cebu | J59: Chat | K59: Medium | L59: Medium
A60: TCK-1059 | B60: 45874 | C60: 45875 | D60: P4 | E60: Closed | F60: Password Reset | G60: Infrastructure | H60: Agent Q | I60: Manila | J60: Portal | K60: Low | L60: Low
A61: TCK-1060 | B61: 45794 | D61: P2 | E61: Closed | F61: Email Issue | G61: Applications | H61: Agent F | I61: Davao | J61: Portal | K61: High | L61: Medium
A62: TCK-1061 | B62: 45817 | C62: 45818 | D62: P1 | E62: Resolved | F62: VPN Issue | G62: Security | H62: Agent L | I62: Makati | J62: Chat | K62: Low | L62: Medium
A63: TCK-1062 | B63: 45927 | C63: 45930 | D63: P2 | E63: Closed | F63: Email Issue | G63: Network | H63: Agent E | I63: Davao | J63: Phone | K63: Low | L63: High
A64: TCK-1063 | B64: 45679 | C64: 45680 | D64: P3 | E64: Resolved | F64: Software Install | G64: Applications | H64: Agent I | I64: Davao | J64: Email | K64: Medium | L64: Medium
A65: TCK-1064 | B65: 45860 | C65: 45862 | D65: P3 | E65: Resolved | F65: VPN Issue | G65: Applications | H65: Agent S | I65: Davao | J65: Chat | K65: Low | L65: High
A66: TCK-1065 | B66: 45979 | C66: 45979 | D66: P3 | E66: Open | F66: Password Reset | G66: Applications | H66: Agent T | I66: BGC | J66: Chat | K66: Medium | L66: Medium
A67: TCK-1066 | B67: 45687 | C67: 45687 | D67: P4 | E67: Closed | F67: Network Issue | G67: Applications | H67: Agent C | I67: Clark | J67: Portal | K67: High | L67: Low
A68: TCK-1067 | B68: 45888 | D68: P1 | E68: Closed | F68: Network Issue | G68: Network | H68: Agent J | I68: Davao | J68: Email | K68: Low | L68: Medium
A69: TCK-1068 | B69: 45684 | C69: 45685 | D69: P2 | E69: In Progress | F69: Network Issue | G69: Applications | H69: Agent O | I69: BGC | J69: Chat | K69: High | L69: Medium
A70: TCK-1069 | B70: 46008 | C70: 46008 | D70: P1 | E70: Closed | F70: Network Issue | G70: Applications | H70: Agent R | I70: BGC | J70: Email | K70: High | L70: Medium
A71: TCK-1070 | B71: 45974 | D71: P1 | E71: In Progress | F71: Email Issue | G71: Applications | H71: Agent H | I71: BGC | J71: Phone | K71: High | L71: Medium
A72: TCK-1071 | B72: 45950 | C72: 45950 | D72: P4 | E72: Resolved | F72: Network Issue | G72: Service Desk | H72: Agent E | I72: Manila | J72: Portal | K72: High | L72: Medium
A73: TCK-1072 | B73: 45920 | D73: P3 | E73: Resolved | F73: Email Issue | G73: Security | H73: Agent C | I73: Manila | J73: Email | K73: Medium | L73: Medium
A74: TCK-1073 | B74: 45990 | C74: 45999 | D74: P4 | E74: Closed | F74: Password Reset | G74: Security | H74: Agent F | I74: Clark | J74: Chat | K74: Low | L74: High
A75: TCK-1074 | B75: 45780 | C75: 45783 | D75: P3 | E75: Closed | F75: Software Install | G75: Infrastructure | I75: BGC | J75: Email | K75: Low | L75: Medium
A76: TCK-1075 | B76: 45856 | C76: 45857 | D76: P2 | E76: Resolved | F76: Access Request | G76: Service Desk | H76: Agent C | I76: Davao | J76: Portal | K76: Medium | L76: High
A77: TCK-1076 | B77: 45690 | C77: 45691 | D77: P2 | E77: Resolved | F77: Login Issue | G77: Service Desk | H77: Agent M | I77: Manila | J77: Phone | K77: Low | L77: Low
A78: TCK-1077 | B78: 45886 | D78: P3 | E78: In Progress | F78: Software Install | G78: Infrastructure | H78: Agent C | I78: Cebu | J78: Portal | K78: Low | L78: Medium
A79: TCK-1078 | B79: 45846 | C79: 45846 | D79: P2 | E79: Open | F79: Password Reset | G79: Infrastructure | H79: Agent P | I79: Iloilo | J79: Email | K79: Medium | L79: High
A80: TCK-1079 | B80: 45996 | C80: 45996 | D80: P2 | E80: Closed | F80: Hardware Failure | G80: Infrastructure | H80: Agent D | I80: Makati | J80: Chat | K80: High | L80: Medium
A81: TCK-1080 | B81: 45675 | D81: P3 | E81: Resolved | F81: Access Request | G81: Infrastructure | H81: Agent O | I81: Makati | J81: Phone | K81: High | L81: Medium
A82: TCK-1081 | B82: 45716 | D82: P2 | E82: Closed | F82: Hardware Failure | G82: Network | H82: Agent T | I82: Davao | J82: Phone | K82: High | L82: Low
A83: TCK-1082 | B83: 45885 | C83: 45885 | D83: P3 | E83: Resolved | F83: Hardware Failure | G83: Applications | H83: Agent R | I83: Cebu | J83: Phone | K83: Low | L83: Medium
A84: TCK-1083 | B84: 45846 | C84: 45851 | D84: P1 | E84: Closed | F84: Software Install | G84: Applications | H84: Agent L | I84: BGC | J84: Phone | K84: Medium | L84: High
A85: TCK-1084 | B85: 45686 | C85: 45689 | D85: P4 | E85: In Progress | F85: VPN Issue | G85: Security | H85: Agent G | I85: Davao | J85: Chat | K85: Medium | L85: Medium
A86: TCK-1085 | B86: 45967 | C86: 45969 | D86: P3 | E86: Closed | F86: Access Request | G86: Service Desk | H86: Agent N | I86: Clark | J86: Portal | K86: Medium | L86: Medium
A87: TCK-1086 | B87: 45695 | C87: 45696 | D87: P3 | E87: Resolved | F87: Hardware Failure | G87: Service Desk | H87: Agent K | I87: Iloilo | J87: Phone | K87: High | L87: Low
A88: TCK-1087 | B88: 45784 | D88: P3 | E88: Open | F88: Access Request | G88: Security | H88: Agent M | I88: Davao | J88: Portal | K88: Low | L88: Low
A89: TCK-1088 | B89: 45704 | C89: 45704 | D89: P1 | E89: Resolved | F89: Hardware Failure | H89: Agent S | I89: Davao | J89: Chat | K89: High | L89: Low
A90: TCK-1089 | B90: 45684 | C90: 45684 | D90: P1 | E90: Closed | F90: Password Reset | G90: Network | H90: Agent T | I90: Clark | J90: Phone | K90: Low | L90: High
A91: TCK-1090 | B91: 45914 | D91: P3 | E91: Resolved | F91: Software Install | G91: Infrastructure | H91: Agent G | I91: Davao | J91: Portal | K91: High | L91: Medium
A92: TCK-1091 | B92: 46020 | C92: 46020 | D92: P4 | E92: In Progress | F92: Software Install | G92: Security | H92: Agent M | I92: Iloilo | J92: Portal | K92: High | L92: Medium
A93: TCK-1092 | B93: 45975 | C93: 45975 | D93: P2 | E93: Resolved | F93: Hardware Failure | G93: Security | H93: Agent B | I93: Clark | J93: Phone | K93: High | L93: High
A94: TCK-1093 | B94: 45997 | C94: 46000 | D94: P1 | E94: open | F94: Network Issue | G94: Network | H94: Agent J | I94: Iloilo | J94: Email | K94: Low | L94: Low
A95: TCK-1094 | B95: 46018 | D95: P1 | E95: Closed | F95: VPN Issue | G95: Infrastructure | H95: Agent A | I95: BGC | J95: Portal | K95: Medium | L95: Low
A96: TCK-1095 | B96: 45698 | C96: 45706 | D96: P2 | E96: Closed | F96: Network Issue | H96: Agent J | I96: Makati | J96: Chat | K96: Medium | L96: Low
A97: TCK-1096 | B97: 45899 | D97: P2 | E97: closed | F97: VPN Issue | G97: Security | I97: Manila | J97: Email | K97: Medium | L97: Medium
A98: TCK-1097 | B98: 45677 | C98: 45677 | D98: P2 | E98: Resolved | F98: Email Issue | G98: Security | H98: Agent R | I98: Iloilo | J98: Phone | K98: Low | L98: Low
A99: TCK-1098 | B99: 45910 | C99: 45913 | D99: P4 | E99: Resolved | F99: Email Issue | G99: Service Desk | H99: Agent S | I99: Iloilo | J99: Email | K99: Medium | L99: High
A100: TCK-1099 | B100: 45863 | C100: 45867 | D100: P1 | E100: RESOLVED | F100: Login Issue | G100: Service Desk | H100: Agent B | I100: Cebu | J100: Email | K100: Medium | L100: Medium
...

Sheet Cleaned
A1: Ticket_ID | B1: Created_Date | C1: Resolved_Date | D1: Priority | E1: Status | F1: Category | G1: Assignment_Group | H1: Assigned_Agent | I1: Location | J1: Channel | K1: Impact | L1: Urgency | M1: Resolution_Time (Days) | N1: SLA_Target(Days) | O1: SLA_Status | P1: Created_Month | Q1: Created_Year | R1: Open/Closed | S1: Resolution_Month
A2: TCK-1001 | B2: 45670 | C2: 45673 | D2: P4 | E2: Closed | F2: Password Reset | G2: Security | H2: Unassigned | I2: Makati | J2: Chat | K2: Low | L2: Medium | M2: =IF(C2="","",C2-B2) -> 3 | N2: =IF(D2="P1",1, IF(D2="P2",3, IF(D2="P3",5,7))) -> 7 | O2: =IF(C2="","Open", IF(M2<=N2, "Met", "Breached")) -> Met | P2: =TEXT(B2,"mmm") -> Jan | Q2: =YEAR(B2) -> 2025 | R2: =IF(C2="","Open","Closed") -> Closed | S2: =IF(C2="","Open",TEXT(C2,"mmm")) -> Jan
A3: TCK-1002 | B3: 45661 | C3: 45665 | D3: P4 | E3: Closed | F3: Software Install | G3: Infrastructure | H3: Agent O | I3: Manila | J3: Portal | K3: Low | L3: Low | M3: =IF(C3="","",C3-B3) -> 4 | N3: =IF(D3="P1",1, IF(D3="P2",3, IF(D3="P3",5,7))) -> 7 | O3: =IF(C3="","Open", IF(M3<=N3, "Met", "Breached")) -> Met | P3: =TEXT(B3,"mmm") -> Jan | Q3: =YEAR(B3) -> 2025 | R3: =IF(C3="","Open","Closed") -> Closed | S3: =IF(C3="","Open",TEXT(C3,"mmm")) -> Jan
A4: TCK-1002 | B4: 45978 | C4: 45984 | D4: P2 | E4: Closed | F4: Hardware Failure | G4: Security | H4: Agent K | I4: BGC | J4: Chat | K4: Medium | L4: High | M4: =IF(C4="","",C4-B4) -> 6 | N4: =IF(D4="P1",1, IF(D4="P2",3, IF(D4="P3",5,7))) -> 3 | O4: =IF(C4="","Open", IF(M4<=N4, "Met", "Breached")) -> Breached | P4: =TEXT(B4,"mmm") -> Nov | Q4: =YEAR(B4) -> 2025 | R4: =IF(C4="","Open","Closed") -> Closed | S4: =IF(C4="","Open",TEXT(C4,"mmm")) -> Nov
A5: TCK-1003 | B5: 45843 | C5: 45843 | D5: P1 | E5: Resolved | F5: Email Issue | G5: Network | H5: Agent G | I5: Davao | J5: Phone | K5: Low | L5: Low | M5: =IF(C5="","",C5-B5) -> 0 | N5: =IF(D5="P1",1, IF(D5="P2",3, IF(D5="P3",5,7))) -> 1 | O5: =IF(C5="","Open", IF(M5<=N5, "Met", "Breached")) -> Met | P5: =TEXT(B5,"mmm") -> Jul | Q5: =YEAR(B5) -> 2025 | R5: =IF(C5="","Open","Closed") -> Closed | S5: =IF(C5="","Open",TEXT(C5,"mmm")) -> Jul
A6: TCK-1004 | B6: 45894 | C6: 45902 | D6: P4 | E6: Resolved | F6: Login Issue | G6: Security | H6: Agent K | I6: Cebu | J6: Chat | K6: High | L6: Medium | M6: =IF(C6="","",C6-B6) -> 8 | N6: =IF(D6="P1",1, IF(D6="P2",3, IF(D6="P3",5,7))) -> 7 | O6: =IF(C6="","Open", IF(M6<=N6, "Met", "Breached")) -> Breached | P6: =TEXT(B6,"mmm") -> Aug | Q6: =YEAR(B6) -> 2025 | R6: =IF(C6="","Open","Closed") -> Closed | S6: =IF(C6="","Open",TEXT(C6,"mmm")) -> Sep
A7: TCK-1005 | B7: 45945 | C7: 45952 | D7: P4 | E7: Resolved | F7: Access Request | G7: Applications | H7: Agent M | I7: Davao | J7: Portal | K7: Low | L7: High | M7: =IF(C7="","",C7-B7) -> 7 | N7: =IF(D7="P1",1, IF(D7="P2",3, IF(D7="P3",5,7))) -> 7 | O7: =IF(C7="","Open", IF(M7<=N7, "Met", "Breached")) -> Met | P7: =TEXT(B7,"mmm") -> Oct | Q7: =YEAR(B7) -> 2025 | R7: =IF(C7="","Open","Closed") -> Closed | S7: =IF(C7="","Open",TEXT(C7,"mmm")) -> Oct
A8: TCK-1006 | B8: 45716 | C8: 45716 | D8: P3 | E8: Closed | F8: Login Issue | G8: Network | H8: Agent D | I8: Iloilo | J8: Phone | K8: High | L8: Medium | M8: =IF(C8="","",C8-B8) -> 0 | N8: =IF(D8="P1",1, IF(D8="P2",3, IF(D8="P3",5,7))) -> 5 | O8: =IF(C8="","Open", IF(M8<=N8, "Met", "Breached")) -> Met | P8: =TEXT(B8,"mmm") -> Feb | Q8: =YEAR(B8) -> 2025 | R8: =IF(C8="","Open","Closed") -> Closed | S8: =IF(C8="","Open",TEXT(C8,"mmm")) -> Feb
A9: TCK-1007 | B9: 45934 | C9: 45935 | D9: P2 | E9: Closed | F9: Hardware Failure | G9: Applications | H9: Agent R | I9: Clark | J9: Chat | K9: Low | L9: High | M9: =IF(C9="","",C9-B9) -> 1 | N9: =IF(D9="P1",1, IF(D9="P2",3, IF(D9="P3",5,7))) -> 3 | O9: =IF(C9="","Open", IF(M9<=N9, "Met", "Breached")) -> Met | P9: =TEXT(B9,"mmm") -> Oct | Q9: =YEAR(B9) -> 2025 | R9: =IF(C9="","Open","Closed") -> Closed | S9: =IF(C9="","Open",TEXT(C9,"mmm")) -> Oct
A10: TCK-1008 | B10: 45968 | C10: 45973 | D10: P2 | E10: Resolved | F10: Vpn Issue | G10: Service Desk | H10: Agent C | I10: Davao | J10: Phone | K10: High | L10: High | M10: =IF(C10="","",C10-B10) -> 5 | N10: =IF(D10="P1",1, IF(D10="P2",3, IF(D10="P3",5,7))) -> 3 | O10: =IF(C10="","Open", IF(M10<=N10, "Met", "Breached")) -> Breached | P10: =TEXT(B10,"mmm") -> Nov | Q10: =YEAR(B10) -> 2025 | R10: =IF(C10="","Open","Closed") -> Closed | S10: =IF(C10="","Open",TEXT(C10,"mmm")) -> Nov
A11: TCK-1009 | B11: 45688 | D11: P4 | E11: In Progress | F11: Password Reset | G11: Security | H11: Agent H | I11: Makati | J11: Email | K11: High | L11: Low | M11: =IF(C11="","",C11-B11) | N11: =IF(D11="P1",1, IF(D11="P2",3, IF(D11="P3",5,7))) -> 7 | O11: =IF(C11="","Open", IF(M11<=N11, "Met", "Breached")) -> Open | P11: =TEXT(B11,"mmm") -> Jan | Q11: =YEAR(B11) -> 2025 | R11: =IF(C11="","Open","Closed") -> Open | S11: =IF(C11="","Open",TEXT(C11,"mmm")) -> Open
A12: TCK-1010 | B12: 45874 | C12: 45875 | D12: P1 | E12: Resolved | F12: Software Install | G12: Network | H12: Agent I | I12: Cebu | J12: Email | K12: High | L12: Low | M12: =IF(C12="","",C12-B12) -> 1 | N12: =IF(D12="P1",1, IF(D12="P2",3, IF(D12="P3",5,7))) -> 1 | O12: =IF(C12="","Open", IF(M12<=N12, "Met", "Breached")) -> Met | P12: =TEXT(B12,"mmm") -> Aug | Q12: =YEAR(B12) -> 2025 | R12: =IF(C12="","Open","Closed") -> Closed | S12: =IF(C12="","Open",TEXT(C12,"mmm")) -> Aug
A13: TCK-1011 | B13: 45665 | C13: 45665 | D13: P4 | E13: Closed | F13: Login Issue | G13: Applications | H13: Agent R | I13: Makati | J13: Phone | K13: Medium | L13: High | M13: =IF(C13="","",C13-B13) -> 0 | N13: =IF(D13="P1",1, IF(D13="P2",3, IF(D13="P3",5,7))) -> 7 | O13: =IF(C13="","Open", IF(M13<=N13, "Met", "Breached")) -> Met | P13: =TEXT(B13,"mmm") -> Jan | Q13: =YEAR(B13) -> 2025 | R13: =IF(C13="","Open","Closed") -> Closed | S13: =IF(C13="","Open",TEXT(C13,"mmm")) -> Jan
A14: TCK-1012 | B14: 45954 | C14: 45956 | D14: P2 | E14: Closed | F14: Network Issue | G14: Service Desk | H14: Agent H | I14: Davao | J14: Email | K14: Low | L14: High | M14: =IF(C14="","",C14-B14) -> 2 | N14: =IF(D14="P1",1, IF(D14="P2",3, IF(D14="P3",5,7))) -> 3 | O14: =IF(C14="","Open", IF(M14<=N14, "Met", "Breached")) -> Met | P14: =TEXT(B14,"mmm") -> Oct | Q14: =YEAR(B14) -> 2025 | R14: =IF(C14="","Open","Closed") -> Closed | S14: =IF(C14="","Open",TEXT(C14,"mmm")) -> Oct
A15: TCK-1013 | B15: 45956 | C15: 45957 | D15: P1 | E15: Resolved | F15: Vpn Issue | G15: Service Desk | H15: Unassigned | I15: Manila | J15: Phone | K15: Low | L15: Medium | M15: =IF(C15="","",C15-B15) -> 1 | N15: =IF(D15="P1",1, IF(D15="P2",3, IF(D15="P3",5,7))) -> 1 | O15: =IF(C15="","Open", IF(M15<=N15, "Met", "Breached")) -> Met | P15: =TEXT(B15,"mmm") -> Oct | Q15: =YEAR(B15) -> 2025 | R15: =IF(C15="","Open","Closed") -> Closed | S15: =IF(C15="","Open",TEXT(C15,"mmm")) -> Oct
A16: TCK-1014 | B16: 45836 | C16: 45839 | D16: P2 | E16: Closed | F16: Login Issue | G16: Network | H16: Agent D | I16: BGC | J16: Portal | K16: Low | L16: High | M16: =IF(C16="","",C16-B16) -> 3 | N16: =IF(D16="P1",1, IF(D16="P2",3, IF(D16="P3",5,7))) -> 3 | O16: =IF(C16="","Open", IF(M16<=N16, "Met", "Breached")) -> Met | P16: =TEXT(B16,"mmm") -> Jun | Q16: =YEAR(B16) -> 2025 | R16: =IF(C16="","Open","Closed") -> Closed | S16: =IF(C16="","Open",TEXT(C16,"mmm")) -> Jul
A17: TCK-1015 | B17: 45762 | C17: 45768 | D17: P4 | E17: Closed | F17: Vpn Issue | G17: Infrastructure | H17: Agent O | I17: Davao | J17: Email | K17: High | L17: High | M17: =IF(C17="","",C17-B17) -> 6 | N17: =IF(D17="P1",1, IF(D17="P2",3, IF(D17="P3",5,7))) -> 7 | O17: =IF(C17="","Open", IF(M17<=N17, "Met", "Breached")) -> Met | P17: =TEXT(B17,"mmm") -> Apr | Q17: =YEAR(B17) -> 2025 | R17: =IF(C17="","Open","Closed") -> Closed | S17: =IF(C17="","Open",TEXT(C17,"mmm")) -> Apr
A18: TCK-1016 | B18: 46011 | C18: 46020 | D18: P3 | E18: Closed | F18: Hardware Failure | G18: Infrastructure | H18: Agent H | I18: Iloilo | J18: Chat | K18: Low | L18: Low | M18: =IF(C18="","",C18-B18) -> 9 | N18: =IF(D18="P1",1, IF(D18="P2",3, IF(D18="P3",5,7))) -> 5 | O18: =IF(C18="","Open", IF(M18<=N18, "Met", "Breached")) -> Breached | P18: =TEXT(B18,"mmm") -> Dec | Q18: =YEAR(B18) -> 2025 | R18: =IF(C18="","Open","Closed") -> Closed | S18: =IF(C18="","Open",TEXT(C18,"mmm")) -> Dec
A19: TCK-1017 | B19: 45779 | C19: 45780 | D19: P2 | E19: Closed | F19: Vpn Issue | G19: Service Desk | H19: Agent B | I19: Makati | J19: Chat | K19: Medium | L19: Medium | M19: =IF(C19="","",C19-B19) -> 1 | N19: =IF(D19="P1",1, IF(D19="P2",3, IF(D19="P3",5,7))) -> 3 | O19: =IF(C19="","Open", IF(M19<=N19, "Met", "Breached")) -> Met | P19: =TEXT(B19,"mmm") -> May | Q19: =YEAR(B19) -> 2025 | R19: =IF(C19="","Open","Closed") -> Closed | S19: =IF(C19="","Open",TEXT(C19,"mmm")) -> May
A20: TCK-1018 | B20: 45774 | D20: P1 | E20: In Progress | F20: Hardware Failure | G20: Applications | H20: Agent R | I20: Manila | J20: Portal | K20: High | L20: Low | M20: =IF(C20="","",C20-B20) | N20: =IF(D20="P1",1, IF(D20="P2",3, IF(D20="P3",5,7))) -> 1 | O20: =IF(C20="","Open", IF(M20<=N20, "Met", "Breached")) -> Open | P20: =TEXT(B20,"mmm") -> Apr | Q20: =YEAR(B20) -> 2025 | R20: =IF(C20="","Open","Closed") -> Open | S20: =IF(C20="","Open",TEXT(C20,"mmm")) -> Open
A21: TCK-1019 | B21: 45793 | D21: P2 | E21: Open | F21: Software Install | G21: Network | H21: Agent N | I21: BGC | J21: Chat | K21: High | L21: Low | M21: =IF(C21="","",C21-B21) | N21: =IF(D21="P1",1, IF(D21="P2",3, IF(D21="P3",5,7))) -> 3 | O21: =IF(C21="","Open", IF(M21<=N21, "Met", "Breached")) -> Open | P21: =TEXT(B21,"mmm") -> May | Q21: =YEAR(B21) -> 2025 | R21: =IF(C21="","Open","Closed") -> Open | S21: =IF(C21="","Open",TEXT(C21,"mmm")) -> Open
A22: TCK-1020 | B22: 45977 | C22: 45981 | D22: P3 | E22: Resolved | F22: Vpn Issue | G22: Applications | H22: Agent F | I22: Cebu | J22: Email | K22: Medium | L22: Medium | M22: =IF(C22="","",C22-B22) -> 4 | N22: =IF(D22="P1",1, IF(D22="P2",3, IF(D22="P3",5,7))) -> 5 | O22: =IF(C22="","Open", IF(M22<=N22, "Met", "Breached")) -> Met | P22: =TEXT(B22,"mmm") -> Nov | Q22: =YEAR(B22) -> 2025 | R22: =IF(C22="","Open","Closed") -> Closed | S22: =IF(C22="","Open",TEXT(C22,"mmm")) -> Nov
A23: TCK-1021 | B23: 45954 | C23: 45957 | D23: P2 | E23: Closed | F23: Network Issue | G23: Service Desk | H23: Agent H | I23: Iloilo | J23: Phone | K23: High | L23: High | M23: =IF(C23="","",C23-B23) -> 3 | N23: =IF(D23="P1",1, IF(D23="P2",3, IF(D23="P3",5,7))) -> 3 | O23: =IF(C23="","Open", IF(M23<=N23, "Met", "Breached")) -> Met | P23: =TEXT(B23,"mmm") -> Oct | Q23: =YEAR(B23) -> 2025 | R23: =IF(C23="","Open","Closed") -> Closed | S23: =IF(C23="","Open",TEXT(C23,"mmm")) -> Oct
A24: TCK-1022 | B24: 45901 | C24: 45904 | D24: P2 | E24: Closed | F24: Vpn Issue | G24: Unassigned | H24: Agent D | I24: Makati | J24: Chat | K24: High | L24: Low | M24: =IF(C24="","",C24-B24) -> 3 | N24: =IF(D24="P1",1, IF(D24="P2",3, IF(D24="P3",5,7))) -> 3 | O24: =IF(C24="","Open", IF(M24<=N24, "Met", "Breached")) -> Met | P24: =TEXT(B24,"mmm") -> Sep | Q24: =YEAR(B24) -> 2025 | R24: =IF(C24="","Open","Closed") -> Closed | S24: =IF(C24="","Open",TEXT(C24,"mmm")) -> Sep
A25: TCK-1023 | B25: 45720 | C25: 45727 | D25: P4 | E25: Resolved | F25: Access Request | G25: Security | H25: Agent F | I25: Cebu | J25: Portal | K25: High | L25: Low | M25: =IF(C25="","",C25-B25) -> 7 | N25: =IF(D25="P1",1, IF(D25="P2",3, IF(D25="P3",5,7))) -> 7 | O25: =IF(C25="","Open", IF(M25<=N25, "Met", "Breached")) -> Met | P25: =TEXT(B25,"mmm") -> Mar | Q25: =YEAR(B25) -> 2025 | R25: =IF(C25="","Open","Closed") -> Closed | S25: =IF(C25="","Open",TEXT(C25,"mmm")) -> Mar
A26: TCK-1024 | B26: 45924 | C26: 45925 | D26: P3 | E26: Resolved | F26: Software Install | G26: Network | H26: Agent C | I26: Davao | J26: Chat | K26: Medium | L26: High | M26: =IF(C26="","",C26-B26) -> 1 | N26: =IF(D26="P1",1, IF(D26="P2",3, IF(D26="P3",5,7))) -> 5 | O26: =IF(C26="","Open", IF(M26<=N26, "Met", "Breached")) -> Met | P26: =TEXT(B26,"mmm") -> Sep | Q26: =YEAR(B26) -> 2025 | R26: =IF(C26="","Open","Closed") -> Closed | S26: =IF(C26="","Open",TEXT(C26,"mmm")) -> Sep
A27: TCK-1025 | B27: 45873 | C27: 45874 | D27: P2 | E27: Resolved | F27: Software Install | G27: Security | H27: Agent R | I27: Cebu | J27: Phone | K27: Medium | L27: Medium | M27: =IF(C27="","",C27-B27) -> 1 | N27: =IF(D27="P1",1, IF(D27="P2",3, IF(D27="P3",5,7))) -> 3 | O27: =IF(C27="","Open", IF(M27<=N27, "Met", "Breached")) -> Met | P27: =TEXT(B27,"mmm") -> Aug | Q27: =YEAR(B27) -> 2025 | R27: =IF(C27="","Open","Closed") -> Closed | S27: =IF(C27="","Open",TEXT(C27,"mmm")) -> Aug
A28: TCK-1026 | B28: 45857 | C28: 45860 | D28: P3 | E28: Resolved | F28: Login Issue | G28: Applications | H28: Agent O | I28: Cebu | J28: Portal | K28: High | L28: Medium | M28: =IF(C28="","",C28-B28) -> 3 | N28: =IF(D28="P1",1, IF(D28="P2",3, IF(D28="P3",5,7))) -> 5 | O28: =IF(C28="","Open", IF(M28<=N28, "Met", "Breached")) -> Met | P28: =TEXT(B28,"mmm") -> Jul | Q28: =YEAR(B28) -> 2025 | R28: =IF(C28="","Open","Closed") -> Closed | S28: =IF(C28="","Open",TEXT(C28,"mmm")) -> Jul
A29: TCK-1027 | B29: 45852 | C29: 45854 | D29: P2 | E29: Resolved | F29: Software Install | G29: Service Desk | H29: Agent G | I29: Makati | J29: Phone | K29: Medium | L29: Low | M29: =IF(C29="","",C29-B29) -> 2 | N29: =IF(D29="P1",1, IF(D29="P2",3, IF(D29="P3",5,7))) -> 3 | O29: =IF(C29="","Open", IF(M29<=N29, "Met", "Breached")) -> Met | P29: =TEXT(B29,"mmm") -> Jul | Q29: =YEAR(B29) -> 2025 | R29: =IF(C29="","Open","Closed") -> Closed | S29: =IF(C29="","Open",TEXT(C29,"mmm")) -> Jul
A30: TCK-1028 | B30: 45769 | C30: 45769 | D30: P2 | E30: Resolved | F30: Password Reset | G30: Infrastructure | H30: Agent M | I30: Manila | J30: Phone | K30: High | L30: Low | M30: =IF(C30="","",C30-B30) -> 0 | N30: =IF(D30="P1",1, IF(D30="P2",3, IF(D30="P3",5,7))) -> 3 | O30: =IF(C30="","Open", IF(M30<=N30, "Met", "Breached")) -> Met | P30: =TEXT(B30,"mmm") -> Apr | Q30: =YEAR(B30) -> 2025 | R30: =IF(C30="","Open","Closed") -> Closed | S30: =IF(C30="","Open",TEXT(C30,"mmm")) -> Apr
A31: TCK-1029 | B31: 46008 | C31: 46011 | D31: P4 | E31: Closed | F31: Software Install | G31: Applications | H31: Agent L | I31: Clark | J31: Phone | K31: Medium | L31: High | M31: =IF(C31="","",C31-B31) -> 3 | N31: =IF(D31="P1",1, IF(D31="P2",3, IF(D31="P3",5,7))) -> 7 | O31: =IF(C31="","Open", IF(M31<=N31, "Met", "Breached")) -> Met | P31: =TEXT(B31,"mmm") -> Dec | Q31: =YEAR(B31) -> 2025 | R31: =IF(C31="","Open","Closed") -> Closed | S31: =IF(C31="","Open",TEXT(C31,"mmm")) -> Dec
A32: TCK-1030 | B32: 45991 | C32: 45991 | D32: P4 | E32: Resolved | F32: Email Issue | G32: Applications | H32: Agent M | I32: Iloilo | J32: Portal | K32: High | L32: Medium | M32: =IF(C32="","",C32-B32) -> 0 | N32: =IF(D32="P1",1, IF(D32="P2",3, IF(D32="P3",5,7))) -> 7 | O32: =IF(C32="","Open", IF(M32<=N32, "Met", "Breached")) -> Met | P32: =TEXT(B32,"mmm") -> Nov | Q32: =YEAR(B32) -> 2025 | R32: =IF(C32="","Open","Closed") -> Closed | S32: =IF(C32="","Open",TEXT(C32,"mmm")) -> Nov
A33: TCK-1031 | B33: 45790 | C33: 45793 | D33: P2 | E33: Resolved | F33: Vpn Issue | G33: Applications | H33: Agent A | I33: Cebu | J33: Phone | K33: Medium | L33: Low | M33: =IF(C33="","",C33-B33) -> 3 | N33: =IF(D33="P1",1, IF(D33="P2",3, IF(D33="P3",5,7))) -> 3 | O33: =IF(C33="","Open", IF(M33<=N33, "Met", "Breached")) -> Met | P33: =TEXT(B33,"mmm") -> May | Q33: =YEAR(B33) -> 2025 | R33: =IF(C33="","Open","Closed") -> Closed | S33: =IF(C33="","Open",TEXT(C33,"mmm")) -> May
A34: TCK-1032 | B34: 45900 | C34: 45900 | D34: P4 | E34: Resolved | F34: Hardware Failure | G34: Security | H34: Agent F | I34: BGC | J34: Portal | K34: High | L34: High | M34: =IF(C34="","",C34-B34) -> 0 | N34: =IF(D34="P1",1, IF(D34="P2",3, IF(D34="P3",5,7))) -> 7 | O34: =IF(C34="","Open", IF(M34<=N34, "Met", "Breached")) -> Met | P34: =TEXT(B34,"mmm") -> Aug | Q34: =YEAR(B34) -> 2025 | R34: =IF(C34="","Open","Closed") -> Closed | S34: =IF(C34="","Open",TEXT(C34,"mmm")) -> Aug
A35: TCK-1033 | B35: 45842 | D35: P4 | E35: In Progress | F35: Hardware Failure | G35: Applications | H35: Agent A | I35: Cebu | J35: Chat | K35: Medium | L35: High | M35: =IF(C35="","",C35-B35) | N35: =IF(D35="P1",1, IF(D35="P2",3, IF(D35="P3",5,7))) -> 7 | O35: =IF(C35="","Open", IF(M35<=N35, "Met", "Breached")) -> Open | P35: =TEXT(B35,"mmm") -> Jul | Q35: =YEAR(B35) -> 2025 | R35: =IF(C35="","Open","Closed") -> Open | S35: =IF(C35="","Open",TEXT(C35,"mmm")) -> Open
A36: TCK-1034 | B36: 45787 | C36: 45790 | D36: P2 | E36: Closed | F36: Login Issue | G36: Network | H36: Agent N | I36: Iloilo | J36: Chat | K36: Medium | L36: Medium | M36: =IF(C36="","",C36-B36) -> 3 | N36: =IF(D36="P1",1, IF(D36="P2",3, IF(D36="P3",5,7))) -> 3 | O36: =IF(C36="","Open", IF(M36<=N36, "Met", "Breached")) -> Met | P36: =TEXT(B36,"mmm") -> May | Q36: =YEAR(B36) -> 2025 | R36: =IF(C36="","Open","Closed") -> Closed | S36: =IF(C36="","Open",TEXT(C36,"mmm")) -> May
A37: TCK-1035 | B37: 45959 | C37: 45964 | D37: P4 | E37: Closed | F37: Email Issue | G37: Security | H37: Agent A | I37: BGC | J37: Email | K37: High | L37: Medium | M37: =IF(C37="","",C37-B37) -> 5 | N37: =IF(D37="P1",1, IF(D37="P2",3, IF(D37="P3",5,7))) -> 7 | O37: =IF(C37="","Open", IF(M37<=N37, "Met", "Breached")) -> Met | P37: =TEXT(B37,"mmm") -> Oct | Q37: =YEAR(B37) -> 2025 | R37: =IF(C37="","Open","Closed") -> Closed | S37: =IF(C37="","Open",TEXT(C37,"mmm")) -> Nov
A38: TCK-1036 | B38: 46017 | C38: 46018 | D38: P3 | E38: Closed | F38: Email Issue | G38: Network | H38: Agent F | I38: Cebu | J38: Email | K38: Medium | L38: Low | M38: =IF(C38="","",C38-B38) -> 1 | N38: =IF(D38="P1",1, IF(D38="P2",3, IF(D38="P3",5,7))) -> 5 | O38: =IF(C38="","Open", IF(M38<=N38, "Met", "Breached")) -> Met | P38: =TEXT(B38,"mmm") -> Dec | Q38: =YEAR(B38) -> 2025 | R38: =IF(C38="","Open","Closed") -> Closed | S38: =IF(C38="","Open",TEXT(C38,"mmm")) -> Dec
A39: TCK-1037 | B39: 45864 | C39: 45865 | D39: P2 | E39: Closed | F39: Password Reset | G39: Security | H39: Agent I | I39: Cebu | J39: Chat | K39: Medium | L39: High | M39: =IF(C39="","",C39-B39) -> 1 | N39: =IF(D39="P1",1, IF(D39="P2",3, IF(D39="P3",5,7))) -> 3 | O39: =IF(C39="","Open", IF(M39<=N39, "Met", "Breached")) -> Met | P39: =TEXT(B39,"mmm") -> Jul | Q39: =YEAR(B39) -> 2025 | R39: =IF(C39="","Open","Closed") -> Closed | S39: =IF(C39="","Open",TEXT(C39,"mmm")) -> Jul
A40: TCK-1038 | B40: 45881 | C40: 45882 | D40: P1 | E40: Closed | F40: Password Reset | G40: Applications | H40: Agent R | I40: BGC | J40: Portal | K40: Medium | L40: High | M40: =IF(C40="","",C40-B40) -> 1 | N40: =IF(D40="P1",1, IF(D40="P2",3, IF(D40="P3",5,7))) -> 1 | O40: =IF(C40="","Open", IF(M40<=N40, "Met", "Breached")) -> Met | P40: =TEXT(B40,"mmm") -> Aug | Q40: =YEAR(B40) -> 2025 | R40: =IF(C40="","Open","Closed") -> Closed | S40: =IF(C40="","Open",TEXT(C40,"mmm")) -> Aug
A41: TCK-1039 | B41: 45864 | C41: 45871 | D41: P4 | E41: Closed | F41: Software Install | G41: Infrastructure | H41: Agent J | I41: Manila | J41: Email | K41: Low | L41: Low | M41: =IF(C41="","",C41-B41) -> 7 | N41: =IF(D41="P1",1, IF(D41="P2",3, IF(D41="P3",5,7))) -> 7 | O41: =IF(C41="","Open", IF(M41<=N41, "Met", "Breached")) -> Met | P41: =TEXT(B41,"mmm") -> Jul | Q41: =YEAR(B41) -> 2025 | R41: =IF(C41="","Open","Closed") -> Closed | S41: =IF(C41="","Open",TEXT(C41,"mmm")) -> Aug
A42: TCK-1040 | B42: 46021 | D42: P3 | E42: In Progress | F42: Password Reset | G42: Network | H42: Agent J | I42: Cebu | J42: Chat | K42: Medium | L42: High | M42: =IF(C42="","",C42-B42) | N42: =IF(D42="P1",1, IF(D42="P2",3, IF(D42="P3",5,7))) -> 5 | O42: =IF(C42="","Open", IF(M42<=N42, "Met", "Breached")) -> Open | P42: =TEXT(B42,"mmm") -> Dec | Q42: =YEAR(B42) -> 2025 | R42: =IF(C42="","Open","Closed") -> Open | S42: =IF(C42="","Open",TEXT(C42,"mmm")) -> Open
A43: TCK-1041 | B43: 45732 | C43: 45735 | D43: P3 | E43: Resolved | F43: Hardware Failure | G43: Applications | H43: Agent O | I43: BGC | J43: Chat | K43: Medium | L43: Medium | M43: =IF(C43="","",C43-B43) -> 3 | N43: =IF(D43="P1",1, IF(D43="P2",3, IF(D43="P3",5,7))) -> 5 | O43: =IF(C43="","Open", IF(M43<=N43, "Met", "Breached")) -> Met | P43: =TEXT(B43,"mmm") -> Mar | Q43: =YEAR(B43) -> 2025 | R43: =IF(C43="","Open","Closed") -> Closed | S43: =IF(C43="","Open",TEXT(C43,"mmm")) -> Mar
A44: TCK-1042 | B44: 46015 | D44: P1 | E44: In Progress | F44: Vpn Issue | G44: Applications | H44: Agent E | I44: Makati | J44: Portal | K44: High | L44: Medium | M44: =IF(C44="","",C44-B44) | N44: =IF(D44="P1",1, IF(D44="P2",3, IF(D44="P3",5,7))) -> 1 | O44: =IF(C44="","Open", IF(M44<=N44, "Met", "Breached")) -> Open | P44: =TEXT(B44,"mmm") -> Dec | Q44: =YEAR(B44) -> 2025 | R44: =IF(C44="","Open","Closed") -> Open | S44: =IF(C44="","Open",TEXT(C44,"mmm")) -> Open
A45: TCK-1043 | B45: 45891 | D45: P4 | E45: Open | F45: Network Issue | G45: Applications | H45: Agent K | I45: BGC | J45: Chat | K45: Low | L45: High | M45: =IF(C45="","",C45-B45) | N45: =IF(D45="P1",1, IF(D45="P2",3, IF(D45="P3",5,7))) -> 7 | O45: =IF(C45="","Open", IF(M45<=N45, "Met", "Breached")) -> Open | P45: =TEXT(B45,"mmm") -> Aug | Q45: =YEAR(B45) -> 2025 | R45: =IF(C45="","Open","Closed") -> Open | S45: =IF(C45="","Open",TEXT(C45,"mmm")) -> Open
A46: TCK-1044 | B46: 45778 | C46: 45781 | D46: P2 | E46: Closed | F46: Password Reset | G46: Service Desk | H46: Agent L | I46: Davao | J46: Chat | K46: Low | L46: Low | M46: =IF(C46="","",C46-B46) -> 3 | N46: =IF(D46="P1",1, IF(D46="P2",3, IF(D46="P3",5,7))) -> 3 | O46: =IF(C46="","Open", IF(M46<=N46, "Met", "Breached")) -> Met | P46: =TEXT(B46,"mmm") -> May | Q46: =YEAR(B46) -> 2025 | R46: =IF(C46="","Open","Closed") -> Closed | S46: =IF(C46="","Open",TEXT(C46,"mmm")) -> May
A47: TCK-1045 | B47: 45745 | D47: P4 | E47: In Progress | F47: Email Issue | G47: Applications | H47: Agent A | I47: BGC | J47: Phone | K47: High | L47: Medium | M47: =IF(C47="","",C47-B47) | N47: =IF(D47="P1",1, IF(D47="P2",3, IF(D47="P3",5,7))) -> 7 | O47: =IF(C47="","Open", IF(M47<=N47, "Met", "Breached")) -> Open | P47: =TEXT(B47,"mmm") -> Mar | Q47: =YEAR(B47) -> 2025 | R47: =IF(C47="","Open","Closed") -> Open | S47: =IF(C47="","Open",TEXT(C47,"mmm")) -> Open
A48: TCK-1046 | B48: 45958 | C48: 45958 | D48: P4 | E48: Resolved | F48: Access Request | G48: Infrastructure | H48: Unassigned | I48: BGC | J48: Email | K48: Low | L48: Low | M48: =IF(C48="","",C48-B48) -> 0 | N48: =IF(D48="P1",1, IF(D48="P2",3, IF(D48="P3",5,7))) -> 7 | O48: =IF(C48="","Open", IF(M48<=N48, "Met", "Breached")) -> Met | P48: =TEXT(B48,"mmm") -> Oct | Q48: =YEAR(B48) -> 2025 | R48: =IF(C48="","Open","Closed") -> Closed | S48: =IF(C48="","Open",TEXT(C48,"mmm")) -> Oct
A49: TCK-1046 | B49: 46019 | C49: 46023 | D49: P4 | E49: Closed | F49: Email Issue | G49: Network | H49: Agent B | I49: Davao | J49: Email | K49: Low | L49: Medium | M49: =IF(C49="","",C49-B49) -> 4 | N49: =IF(D49="P1",1, IF(D49="P2",3, IF(D49="P3",5,7))) -> 7 | O49: =IF(C49="","Open", IF(M49<=N49, "Met", "Breached")) -> Met | P49: =TEXT(B49,"mmm") -> Dec | Q49: =YEAR(B49) -> 2025 | R49: =IF(C49="","Open","Closed") -> Closed | S49: =IF(C49="","Open",TEXT(C49,"mmm")) -> Jan
A50: TCK-1047 | B50: 45683 | C50: 45687 | D50: P4 | E50: Closed | F50: Software Install | G50: Network | H50: Agent B | I50: Manila | J50: Portal | K50: Low | L50: High | M50: =IF(C50="","",C50-B50) -> 4 | N50: =IF(D50="P1",1, IF(D50="P2",3, IF(D50="P3",5,7))) -> 7 | O50: =IF(C50="","Open", IF(M50<=N50, "Met", "Breached")) -> Met | P50: =TEXT(B50,"mmm") -> Jan | Q50: =YEAR(B50) -> 2025 | R50: =IF(C50="","Open","Closed") -> Closed | S50: =IF(C50="","Open",TEXT(C50,"mmm")) -> Jan
A51: TCK-1048 | B51: 45809 | C51: 45810 | D51: P4 | E51: Resolved | F51: Hardware Failure | G51: Infrastructure | H51: Agent K | I51: Manila | J51: Phone | K51: High | L51: Low | M51: =IF(C51="","",C51-B51) -> 1 | N51: =IF(D51="P1",1, IF(D51="P2",3, IF(D51="P3",5,7))) -> 7 | O51: =IF(C51="","Open", IF(M51<=N51, "Met", "Breached")) -> Met | P51: =TEXT(B51,"mmm") -> Jun | Q51: =YEAR(B51) -> 2025 | R51: =IF(C51="","Open","Closed") -> Closed | S51: =IF(C51="","Open",TEXT(C51,"mmm")) -> Jun
A52: TCK-1049 | B52: 45861 | C52: 45866 | D52: P3 | E52: Closed | F52: Software Install | G52: Infrastructure | H52: Agent H | I52: Davao | J52: Phone | K52: Low | L52: High | M52: =IF(C52="","",C52-B52) -> 5 | N52: =IF(D52="P1",1, IF(D52="P2",3, IF(D52="P3",5,7))) -> 5 | O52: =IF(C52="","Open", IF(M52<=N52, "Met", "Breached")) -> Met | P52: =TEXT(B52,"mmm") -> Jul | Q52: =YEAR(B52) -> 2025 | R52: =IF(C52="","Open","Closed") -> Closed | S52: =IF(C52="","Open",TEXT(C52,"mmm")) -> Jul
A53: TCK-1050 | B53: 45895 | C53: 45896 | D53: P2 | E53: Closed | F53: Access Request | G53: Infrastructure | H53: Agent R | I53: Cebu | J53: Email | K53: Medium | L53: Low | M53: =IF(C53="","",C53-B53) -> 1 | N53: =IF(D53="P1",1, IF(D53="P2",3, IF(D53="P3",5,7))) -> 3 | O53: =IF(C53="","Open", IF(M53<=N53, "Met", "Breached")) -> Met | P53: =TEXT(B53,"mmm") -> Aug | Q53: =YEAR(B53) -> 2025 | R53: =IF(C53="","Open","Closed") -> Closed | S53: =IF(C53="","Open",TEXT(C53,"mmm")) -> Aug
A54: TCK-1051 | B54: 45801 | D54: P1 | E54: Open | F54: Email Issue | G54: Infrastructure | H54: Agent I | I54: Iloilo | J54: Chat | K54: High | L54: Low | M54: =IF(C54="","",C54-B54) | N54: =IF(D54="P1",1, IF(D54="P2",3, IF(D54="P3",5,7))) -> 1 | O54: =IF(C54="","Open", IF(M54<=N54, "Met", "Breached")) -> Open | P54: =TEXT(B54,"mmm") -> May | Q54: =YEAR(B54) -> 2025 | R54: =IF(C54="","Open","Closed") -> Open | S54: =IF(C54="","Open",TEXT(C54,"mmm")) -> Open
A55: TCK-1052 | B55: 45985 | C55: 45986 | D55: P1 | E55: Resolved | F55: Email Issue | G55: Network | H55: Agent E | I55: BGC | J55: Phone | K55: High | L55: Low | M55: =IF(C55="","",C55-B55) -> 1 | N55: =IF(D55="P1",1, IF(D55="P2",3, IF(D55="P3",5,7))) -> 1 | O55: =IF(C55="","Open", IF(M55<=N55, "Met", "Breached")) -> Met | P55: =TEXT(B55,"mmm") -> Nov | Q55: =YEAR(B55) -> 2025 | R55: =IF(C55="","Open","Closed") -> Closed | S55: =IF(C55="","Open",TEXT(C55,"mmm")) -> Nov
A56: TCK-1053 | B56: 45747 | D56: P1 | E56: Open | F56: Software Install | G56: Service Desk | H56: Agent N | I56: Cebu | J56: Chat | K56: Medium | L56: Low | M56: =IF(C56="","",C56-B56) | N56: =IF(D56="P1",1, IF(D56="P2",3, IF(D56="P3",5,7))) -> 1 | O56: =IF(C56="","Open", IF(M56<=N56, "Met", "Breached")) -> Open | P56: =TEXT(B56,"mmm") -> Mar | Q56: =YEAR(B56) -> 2025 | R56: =IF(C56="","Open","Closed") -> Open | S56: =IF(C56="","Open",TEXT(C56,"mmm")) -> Open
A57: TCK-1054 | B57: 45889 | C57: 45889 | D57: P1 | E57: Resolved | F57: Login Issue | G57: Applications | H57: Agent O | I57: BGC | J57: Phone | K57: High | L57: High | M57: =IF(C57="","",C57-B57) -> 0 | N57: =IF(D57="P1",1, IF(D57="P2",3, IF(D57="P3",5,7))) -> 1 | O57: =IF(C57="","Open", IF(M57<=N57, "Met", "Breached")) -> Met | P57: =TEXT(B57,"mmm") -> Aug | Q57: =YEAR(B57) -> 2025 | R57: =IF(C57="","Open","Closed") -> Closed | S57: =IF(C57="","Open",TEXT(C57,"mmm")) -> Aug
A58: TCK-1055 | B58: 45982 | C58: 45984 | D58: P2 | E58: Resolved | F58: Vpn Issue | G58: Security | H58: Agent G | I58: Cebu | J58: Portal | K58: Medium | L58: Medium | M58: =IF(C58="","",C58-B58) -> 2 | N58: =IF(D58="P1",1, IF(D58="P2",3, IF(D58="P3",5,7))) -> 3 | O58: =IF(C58="","Open", IF(M58<=N58, "Met", "Breached")) -> Met | P58: =TEXT(B58,"mmm") -> Nov | Q58: =YEAR(B58) -> 2025 | R58: =IF(C58="","Open","Closed") -> Closed | S58: =IF(C58="","Open",TEXT(C58,"mmm")) -> Nov
A59: TCK-1056 | B59: 45706 | C59: 45708 | D59: P3 | E59: Resolved | F59: Password Reset | G59: Infrastructure | H59: Agent R | I59: Clark | J59: Email | K59: Medium | L59: Medium | M59: =IF(C59="","",C59-B59) -> 2 | N59: =IF(D59="P1",1, IF(D59="P2",3, IF(D59="P3",5,7))) -> 5 | O59: =IF(C59="","Open", IF(M59<=N59, "Met", "Breached")) -> Met | P59: =TEXT(B59,"mmm") -> Feb | Q59: =YEAR(B59) -> 2025 | R59: =IF(C59="","Open","Closed") -> Closed | S59: =IF(C59="","Open",TEXT(C59,"mmm")) -> Feb
A60: TCK-1057 | B60: 45874 | C60: 45875 | D60: P4 | E60: Closed | F60: Email Issue | G60: Security | H60: Agent I | I60: Iloilo | J60: Email | K60: Low | L60: Low | M60: =IF(C60="","",C60-B60) -> 1 | N60: =IF(D60="P1",1, IF(D60="P2",3, IF(D60="P3",5,7))) -> 7 | O60: =IF(C60="","Open", IF(M60<=N60, "Met", "Breached")) -> Met | P60: =TEXT(B60,"mmm") -> Aug | Q60: =YEAR(B60) -> 2025 | R60: =IF(C60="","Open","Closed") -> Closed | S60: =IF(C60="","Open",TEXT(C60,"mmm")) -> Aug
A61: TCK-1058 | B61: 45794 | D61: P2 | E61: Open | F61: Software Install | G61: Service Desk | H61: Agent A | I61: Cebu | J61: Chat | K61: Medium | L61: Medium | M61: =IF(C61="","",C61-B61) | N61: =IF(D61="P1",1, IF(D61="P2",3, IF(D61="P3",5,7))) -> 3 | O61: =IF(C61="","Open", IF(M61<=N61, "Met", "Breached")) -> Open | P61: =TEXT(B61,"mmm") -> May | Q61: =YEAR(B61) -> 2025 | R61: =IF(C61="","Open","Closed") -> Open | S61: =IF(C61="","Open",TEXT(C61,"mmm")) -> Open
A62: TCK-1059 | B62: 45817 | C62: 45818 | D62: P4 | E62: Closed | F62: Password Reset | G62: Infrastructure | H62: Agent Q | I62: Manila | J62: Portal | K62: Low | L62: Low | M62: =IF(C62="","",C62-B62) -> 1 | N62: =IF(D62="P1",1, IF(D62="P2",3, IF(D62="P3",5,7))) -> 7 | O62: =IF(C62="","Open", IF(M62<=N62, "Met", "Breached")) -> Met | P62: =TEXT(B62,"mmm") -> Jun | Q62: =YEAR(B62) -> 2025 | R62: =IF(C62="","Open","Closed") -> Closed | S62: =IF(C62="","Open",TEXT(C62,"mmm")) -> Jun
A63: TCK-1060 | B63: 45927 | C63: 45930 | D63: P2 | E63: Closed | F63: Email Issue | G63: Applications | H63: Agent F | I63: Davao | J63: Portal | K63: High | L63: Medium | M63: =IF(C63="","",C63-B63) -> 3 | N63: =IF(D63="P1",1, IF(D63="P2",3, IF(D63="P3",5,7))) -> 3 | O63: =IF(C63="","Open", IF(M63<=N63, "Met", "Breached")) -> Met | P63: =TEXT(B63,"mmm") -> Sep | Q63: =YEAR(B63) -> 2025 | R63: =IF(C63="","Open","Closed") -> Closed | S63: =IF(C63="","Open",TEXT(C63,"mmm")) -> Sep
A64: TCK-1061 | B64: 45679 | C64: 45680 | D64: P1 | E64: Resolved | F64: Vpn Issue | G64: Security | H64: Agent L | I64: Makati | J64: Chat | K64: Low | L64: Medium | M64: =IF(C64="","",C64-B64) -> 1 | N64: =IF(D64="P1",1, IF(D64="P2",3, IF(D64="P3",5,7))) -> 1 | O64: =IF(C64="","Open", IF(M64<=N64, "Met", "Breached")) -> Met | P64: =TEXT(B64,"mmm") -> Jan | Q64: =YEAR(B64) -> 2025 | R64: =IF(C64="","Open","Closed") -> Closed | S64: =IF(C64="","Open",TEXT(C64,"mmm")) -> Jan
A65: TCK-1062 | B65: 45860 | C65: 45862 | D65: P2 | E65: Closed | F65: Email Issue | G65: Network | H65: Agent E | I65: Davao | J65: Phone | K65: Low | L65: High | M65: =IF(C65="","",C65-B65) -> 2 | N65: =IF(D65="P1",1, IF(D65="P2",3, IF(D65="P3",5,7))) -> 3 | O65: =IF(C65="","Open", IF(M65<=N65, "Met", "Breached")) -> Met | P65: =TEXT(B65,"mmm") -> Jul | Q65: =YEAR(B65) -> 2025 | R65: =IF(C65="","Open","Closed") -> Closed | S65: =IF(C65="","Open",TEXT(C65,"mmm")) -> Jul
A66: TCK-1063 | B66: 45979 | C66: 45979 | D66: P3 | E66: Resolved | F66: Software Install | G66: Applications | H66: Agent I | I66: Davao | J66: Email | K66: Medium | L66: Medium | M66: =IF(C66="","",C66-B66) -> 0 | N66: =IF(D66="P1",1, IF(D66="P2",3, IF(D66="P3",5,7))) -> 5 | O66: =IF(C66="","Open", IF(M66<=N66, "Met", "Breached")) -> Met | P66: =TEXT(B66,"mmm") -> Nov | Q66: =YEAR(B66) -> 2025 | R66: =IF(C66="","Open","Closed") -> Closed | S66: =IF(C66="","Open",TEXT(C66,"mmm")) -> Nov
A67: TCK-1064 | B67: 45687 | C67: 45687 | D67: P3 | E67: Resolved | F67: Vpn Issue | G67: Applications | H67: Agent S | I67: Davao | J67: Chat | K67: Low | L67: High | M67: =IF(C67="","",C67-B67) -> 0 | N67: =IF(D67="P1",1, IF(D67="P2",3, IF(D67="P3",5,7))) -> 5 | O67: =IF(C67="","Open", IF(M67<=N67, "Met", "Breached")) -> Met | P67: =TEXT(B67,"mmm") -> Jan | Q67: =YEAR(B67) -> 2025 | R67: =IF(C67="","Open","Closed") -> Closed | S67: =IF(C67="","Open",TEXT(C67,"mmm")) -> Jan
A68: TCK-1065 | B68: 45888 | D68: P3 | E68: Open | F68: Password Reset | G68: Applications | H68: Agent T | I68: BGC | J68: Chat | K68: Medium | L68: Medium | M68: =IF(C68="","",C68-B68) | N68: =IF(D68="P1",1, IF(D68="P2",3, IF(D68="P3",5,7))) -> 5 | O68: =IF(C68="","Open", IF(M68<=N68, "Met", "Breached")) -> Open | P68: =TEXT(B68,"mmm") -> Aug | Q68: =YEAR(B68) -> 2025 | R68: =IF(C68="","Open","Closed") -> Open | S68: =IF(C68="","Open",TEXT(C68,"mmm")) -> Open
A69: TCK-1066 | B69: 45684 | C69: 45685 | D69: P4 | E69: Closed | F69: Network Issue | G69: Applications | H69: Agent C | I69: Clark | J69: Portal | K69: High | L69: Low | M69: =IF(C69="","",C69-B69) -> 1 | N69: =IF(D69="P1",1, IF(D69="P2",3, IF(D69="P3",5,7))) -> 7 | O69: =IF(C69="","Open", IF(M69<=N69, "Met", "Breached")) -> Met | P69: =TEXT(B69,"mmm") -> Jan | Q69: =YEAR(B69) -> 2025 | R69: =IF(C69="","Open","Closed") -> Closed | S69: =IF(C69="","Open",TEXT(C69,"mmm")) -> Jan
A70: TCK-1067 | B70: 46008 | C70: 46008 | D70: P1 | E70: Closed | F70: Network Issue | G70: Network | H70: Agent J | I70: Davao | J70: Email | K70: Low | L70: Medium | M70: =IF(C70="","",C70-B70) -> 0 | N70: =IF(D70="P1",1, IF(D70="P2",3, IF(D70="P3",5,7))) -> 1 | O70: =IF(C70="","Open", IF(M70<=N70, "Met", "Breached")) -> Met | P70: =TEXT(B70,"mmm") -> Dec | Q70: =YEAR(B70) -> 2025 | R70: =IF(C70="","Open","Closed") -> Closed | S70: =IF(C70="","Open",TEXT(C70,"mmm")) -> Dec
A71: TCK-1068 | B71: 45974 | D71: P2 | E71: In Progress | F71: Network Issue | G71: Applications | H71: Agent O | I71: BGC | J71: Chat | K71: High | L71: Medium | M71: =IF(C71="","",C71-B71) | N71: =IF(D71="P1",1, IF(D71="P2",3, IF(D71="P3",5,7))) -> 3 | O71: =IF(C71="","Open", IF(M71<=N71, "Met", "Breached")) -> Open | P71: =TEXT(B71,"mmm") -> Nov | Q71: =YEAR(B71) -> 2025 | R71: =IF(C71="","Open","Closed") -> Open | S71: =IF(C71="","Open",TEXT(C71,"mmm")) -> Open
A72: TCK-1069 | B72: 45950 | C72: 45950 | D72: P1 | E72: Closed | F72: Network Issue | G72: Applications | H72: Agent R | I72: BGC | J72: Email | K72: High | L72: Medium | M72: =IF(C72="","",C72-B72) -> 0 | N72: =IF(D72="P1",1, IF(D72="P2",3, IF(D72="P3",5,7))) -> 1 | O72: =IF(C72="","Open", IF(M72<=N72, "Met", "Breached")) -> Met | P72: =TEXT(B72,"mmm") -> Oct | Q72: =YEAR(B72) -> 2025 | R72: =IF(C72="","Open","Closed") -> Closed | S72: =IF(C72="","Open",TEXT(C72,"mmm")) -> Oct
A73: TCK-1070 | B73: 45920 | D73: P1 | E73: In Progress | F73: Email Issue | G73: Applications | H73: Agent H | I73: BGC | J73: Phone | K73: High | L73: Medium | M73: =IF(C73="","",C73-B73) | N73: =IF(D73="P1",1, IF(D73="P2",3, IF(D73="P3",5,7))) -> 1 | O73: =IF(C73="","Open", IF(M73<=N73, "Met", "Breached")) -> Open | P73: =TEXT(B73,"mmm") -> Sep | Q73: =YEAR(B73) -> 2025 | R73: =IF(C73="","Open","Closed") -> Open | S73: =IF(C73="","Open",TEXT(C73,"mmm")) -> Open
A74: TCK-1071 | B74: 45990 | C74: 45999 | D74: P4 | E74: Resolved | F74: Network Issue | G74: Service Desk | H74: Agent E | I74: Manila | J74: Portal | K74: High | L74: Medium | M74: =IF(C74="","",C74-B74) -> 9 | N74: =IF(D74="P1",1, IF(D74="P2",3, IF(D74="P3",5,7))) -> 7 | O74: =IF(C74="","Open", IF(M74<=N74, "Met", "Breached")) -> Breached | P74: =TEXT(B74,"mmm") -> Nov | Q74: =YEAR(B74) -> 2025 | R74: =IF(C74="","Open","Closed") -> Closed | S74: =IF(C74="","Open",TEXT(C74,"mmm")) -> Dec
A75: TCK-1072 | B75: 45780 | C75: 45783 | D75: P3 | E75: Resolved | F75: Email Issue | G75: Security | H75: Agent C | I75: Manila | J75: Email | K75: Medium | L75: Medium | M75: =IF(C75="","",C75-B75) -> 3 | N75: =IF(D75="P1",1, IF(D75="P2",3, IF(D75="P3",5,7))) -> 5 | O75: =IF(C75="","Open", IF(M75<=N75, "Met", "Breached")) -> Met | P75: =TEXT(B75,"mmm") -> May | Q75: =YEAR(B75) -> 2025 | R75: =IF(C75="","Open","Closed") -> Closed | S75: =IF(C75="","Open",TEXT(C75,"mmm")) -> May
A76: TCK-1073 | B76: 45856 | C76: 45857 | D76: P4 | E76: Closed | F76: Password Reset | G76: Security | H76: Agent F | I76: Clark | J76: Chat | K76: Low | L76: High | M76: =IF(C76="","",C76-B76) -> 1 | N76: =IF(D76="P1",1, IF(D76="P2",3, IF(D76="P3",5,7))) -> 7 | O76: =IF(C76="","Open", IF(M76<=N76, "Met", "Breached")) -> Met | P76: =TEXT(B76,"mmm") -> Jul | Q76: =YEAR(B76) -> 2025 | R76: =IF(C76="","Open","Closed") -> Closed | S76: =IF(C76="","Open",TEXT(C76,"mmm")) -> Jul
A77: TCK-1074 | B77: 45690 | C77: 45691 | D77: P3 | E77: Closed | F77: Software Install | G77: Infrastructure | H77: Unassigned | I77: BGC | J77: Email | K77: Low | L77: Medium | M77: =IF(C77="","",C77-B77) -> 1 | N77: =IF(D77="P1",1, IF(D77="P2",3, IF(D77="P3",5,7))) -> 5 | O77: =IF(C77="","Open", IF(M77<=N77, "Met", "Breached")) -> Met | P77: =TEXT(B77,"mmm") -> Feb | Q77: =YEAR(B77) -> 2025 | R77: =IF(C77="","Open","Closed") -> Closed | S77: =IF(C77="","Open",TEXT(C77,"mmm")) -> Feb
A78: TCK-1074 | B78: 45886 | D78: P3 | E78: Open | F78: Software Install | G78: Service Desk | H78: Agent O | I78: Cebu | J78: Phone | K78: Medium | L78: High | M78: =IF(C78="","",C78-B78) | N78: =IF(D78="P1",1, IF(D78="P2",3, IF(D78="P3",5,7))) -> 5 | O78: =IF(C78="","Open", IF(M78<=N78, "Met", "Breached")) -> Open | P78: =TEXT(B78,"mmm") -> Aug | Q78: =YEAR(B78) -> 2025 | R78: =IF(C78="","Open","Closed") -> Open | S78: =IF(C78="","Open",TEXT(C78,"mmm")) -> Open
A79: TCK-1075 | B79: 45846 | C79: 45846 | D79: P2 | E79: Resolved | F79: Access Request | G79: Service Desk | H79: Agent C | I79: Davao | J79: Portal | K79: Medium | L79: High | M79: =IF(C79="","",C79-B79) -> 0 | N79: =IF(D79="P1",1, IF(D79="P2",3, IF(D79="P3",5,7))) -> 3 | O79: =IF(C79="","Open", IF(M79<=N79, "Met", "Breached")) -> Met | P79: =TEXT(B79,"mmm") -> Jul | Q79: =YEAR(B79) -> 2025 | R79: =IF(C79="","Open","Closed") -> Closed | S79: =IF(C79="","Open",TEXT(C79,"mmm")) -> Jul
A80: TCK-1076 | B80: 45996 | C80: 45996 | D80: P2 | E80: Resolved | F80: Login Issue | G80: Service Desk | H80: Agent M | I80: Manila | J80: Phone | K80: Low | L80: Low | M80: =IF(C80="","",C80-B80) -> 0 | N80: =IF(D80="P1",1, IF(D80="P2",3, IF(D80="P3",5,7))) -> 3 | O80: =IF(C80="","Open", IF(M80<=N80, "Met", "Breached")) -> Met | P80: =TEXT(B80,"mmm") -> Dec | Q80: =YEAR(B80) -> 2025 | R80: =IF(C80="","Open","Closed") -> Closed | S80: =IF(C80="","Open",TEXT(C80,"mmm")) -> Dec
A81: TCK-1077 | B81: 45675 | D81: P3 | E81: In Progress | F81: Software Install | G81: Infrastructure | H81: Agent C | I81: Cebu | J81: Portal | K81: Low | L81: Medium | M81: =IF(C81="","",C81-B81) | N81: =IF(D81="P1",1, IF(D81="P2",3, IF(D81="P3",5,7))) -> 5 | O81: =IF(C81="","Open", IF(M81<=N81, "Met", "Breached")) -> Open | P81: =TEXT(B81,"mmm") -> Jan | Q81: =YEAR(B81) -> 2025 | R81: =IF(C81="","Open","Closed") -> Open | S81: =IF(C81="","Open",TEXT(C81,"mmm")) -> Open
A82: TCK-1078 | B82: 45716 | D82: P2 | E82: Open | F82: Password Reset | G82: Infrastructure | H82: Agent P | I82: Iloilo | J82: Email | K82: Medium | L82: High | M82: =IF(C82="","",C82-B82) | N82: =IF(D82="P1",1, IF(D82="P2",3, IF(D82="P3",5,7))) -> 3 | O82: =IF(C82="","Open", IF(M82<=N82, "Met", "Breached")) -> Open | P82: =TEXT(B82,"mmm") -> Feb | Q82: =YEAR(B82) -> 2025 | R82: =IF(C82="","Open","Closed") -> Open | S82: =IF(C82="","Open",TEXT(C82,"mmm")) -> Open
A83: TCK-1079 | B83: 45885 | C83: 45885 | D83: P2 | E83: Closed | F83: Hardware Failure | G83: Infrastructure | H83: Agent D | I83: Makati | J83: Chat | K83: High | L83: Medium | M83: =IF(C83="","",C83-B83) -> 0 | N83: =IF(D83="P1",1, IF(D83="P2",3, IF(D83="P3",5,7))) -> 3 | O83: =IF(C83="","Open", IF(M83<=N83, "Met", "Breached")) -> Met | P83: =TEXT(B83,"mmm") -> Aug | Q83: =YEAR(B83) -> 2025 | R83: =IF(C83="","Open","Closed") -> Closed | S83: =IF(C83="","Open",TEXT(C83,"mmm")) -> Aug
A84: TCK-1080 | B84: 45846 | C84: 45851 | D84: P3 | E84: Resolved | F84: Access Request | G84: Infrastructure | H84: Agent O | I84: Makati | J84: Phone | K84: High | L84: Medium | M84: =IF(C84="","",C84-B84) -> 5 | N84: =IF(D84="P1",1, IF(D84="P2",3, IF(D84="P3",5,7))) -> 5 | O84: =IF(C84="","Open", IF(M84<=N84, "Met", "Breached")) -> Met | P84: =TEXT(B84,"mmm") -> Jul | Q84: =YEAR(B84) -> 2025 | R84: =IF(C84="","Open","Closed") -> Closed | S84: =IF(C84="","Open",TEXT(C84,"mmm")) -> Jul
A85: TCK-1081 | B85: 45686 | C85: 45689 | D85: P2 | E85: Closed | F85: Hardware Failure | G85: Network | H85: Agent T | I85: Davao | J85: Phone | K85: High | L85: Low | M85: =IF(C85="","",C85-B85) -> 3 | N85: =IF(D85="P1",1, IF(D85="P2",3, IF(D85="P3",5,7))) -> 3 | O85: =IF(C85="","Open", IF(M85<=N85, "Met", "Breached")) -> Met | P85: =TEXT(B85,"mmm") -> Jan | Q85: =YEAR(B85) -> 2025 | R85: =IF(C85="","Open","Closed") -> Closed | S85: =IF(C85="","Open",TEXT(C85,"mmm")) -> Feb
A86: TCK-1082 | B86: 45967 | C86: 45969 | D86: P3 | E86: Resolved | F86: Hardware Failure | G86: Applications | H86: Agent R | I86: Cebu | J86: Phone | K86: Low | L86: Medium | M86: =IF(C86="","",C86-B86) -> 2 | N86: =IF(D86="P1",1, IF(D86="P2",3, IF(D86="P3",5,7))) -> 5 | O86: =IF(C86="","Open", IF(M86<=N86, "Met", "Breached")) -> Met | P86: =TEXT(B86,"mmm") -> Nov | Q86: =YEAR(B86) -> 2025 | R86: =IF(C86="","Open","Closed") -> Closed | S86: =IF(C86="","Open",TEXT(C86,"mmm")) -> Nov
A87: TCK-1083 | B87: 45695 | C87: 45696 | D87: P1 | E87: Closed | F87: Software Install | G87: Applications | H87: Agent L | I87: BGC | J87: Phone | K87: Medium | L87: High | M87: =IF(C87="","",C87-B87) -> 1 | N87: =IF(D87="P1",1, IF(D87="P2",3, IF(D87="P3",5,7))) -> 1 | O87: =IF(C87="","Open", IF(M87<=N87, "Met", "Breached")) -> Met | P87: =TEXT(B87,"mmm") -> Feb | Q87: =YEAR(B87) -> 2025 | R87: =IF(C87="","Open","Closed") -> Closed | S87: =IF(C87="","Open",TEXT(C87,"mmm")) -> Feb
A88: TCK-1084 | B88: 45784 | D88: P4 | E88: In Progress | F88: Vpn Issue | G88: Security | H88: Agent G | I88: Davao | J88: Chat | K88: Medium | L88: Medium | M88: =IF(C88="","",C88-B88) | N88: =IF(D88="P1",1, IF(D88="P2",3, IF(D88="P3",5,7))) -> 7 | O88: =IF(C88="","Open", IF(M88<=N88, "Met", "Breached")) -> Open | P88: =TEXT(B88,"mmm") -> May | Q88: =YEAR(B88) -> 2025 | R88: =IF(C88="","Open","Closed") -> Open | S88: =IF(C88="","Open",TEXT(C88,"mmm")) -> Open
A89: TCK-1085 | B89: 45704 | C89: 45704 | D89: P3 | E89: Closed | F89: Access Request | G89: Service Desk | H89: Agent N | I89: Clark | J89: Portal | K89: Medium | L89: Medium | M89: =IF(C89="","",C89-B89) -> 0 | N89: =IF(D89="P1",1, IF(D89="P2",3, IF(D89="P3",5,7))) -> 5 | O89: =IF(C89="","Open", IF(M89<=N89, "Met", "Breached")) -> Met | P89: =TEXT(B89,"mmm") -> Feb | Q89: =YEAR(B89) -> 2025 | R89: =IF(C89="","Open","Closed") -> Closed | S89: =IF(C89="","Open",TEXT(C89,"mmm")) -> Feb
A90: TCK-1086 | B90: 45684 | C90: 45684 | D90: P3 | E90: Resolved | F90: Hardware Failure | G90: Service Desk | H90: Agent K | I90: Iloilo | J90: Phone | K90: High | L90: Low | M90: =IF(C90="","",C90-B90) -> 0 | N90: =IF(D90="P1",1, IF(D90="P2",3, IF(D90="P3",5,7))) -> 5 | O90: =IF(C90="","Open", IF(M90<=N90, "Met", "Breached")) -> Met | P90: =TEXT(B90,"mmm") -> Jan | Q90: =YEAR(B90) -> 2025 | R90: =IF(C90="","Open","Closed") -> Closed | S90: =IF(C90="","Open",TEXT(C90,"mmm")) -> Jan
A91: TCK-1087 | B91: 45914 | D91: P3 | E91: Open | F91: Access Request | G91: Security | H91: Agent M | I91: Davao | J91: Portal | K91: Low | L91: Low | M91: =IF(C91="","",C91-B91) | N91: =IF(D91="P1",1, IF(D91="P2",3, IF(D91="P3",5,7))) -> 5 | O91: =IF(C91="","Open", IF(M91<=N91, "Met", "Breached")) -> Open | P91: =TEXT(B91,"mmm") -> Sep | Q91: =YEAR(B91) -> 2025 | R91: =IF(C91="","Open","Closed") -> Open | S91: =IF(C91="","Open",TEXT(C91,"mmm")) -> Open
A92: TCK-1088 | B92: 46020 | C92: 46020 | D92: P1 | E92: Resolved | F92: Hardware Failure | G92: Unassigned | H92: Agent S | I92: Davao | J92: Chat | K92: High | L92: Low | M92: =IF(C92="","",C92-B92) -> 0 | N92: =IF(D92="P1",1, IF(D92="P2",3, IF(D92="P3",5,7))) -> 1 | O92: =IF(C92="","Open", IF(M92<=N92, "Met", "Breached")) -> Met | P92: =TEXT(B92,"mmm") -> Dec | Q92: =YEAR(B92) -> 2025 | R92: =IF(C92="","Open","Closed") -> Closed | S92: =IF(C92="","Open",TEXT(C92,"mmm")) -> Dec
A93: TCK-1089 | B93: 45975 | C93: 45975 | D93: P1 | E93: Closed | F93: Password Reset | G93: Network | H93: Agent T | I93: Clark | J93: Phone | K93: Low | L93: High | M93: =IF(C93="","",C93-B93) -> 0 | N93: =IF(D93="P1",1, IF(D93="P2",3, IF(D93="P3",5,7))) -> 1 | O93: =IF(C93="","Open", IF(M93<=N93, "Met", "Breached")) -> Met | P93: =TEXT(B93,"mmm") -> Nov | Q93: =YEAR(B93) -> 2025 | R93: =IF(C93="","Open","Closed") -> Closed | S93: =IF(C93="","Open",TEXT(C93,"mmm")) -> Nov
A94: TCK-1090 | B94: 45997 | C94: 46000 | D94: P3 | E94: Resolved | F94: Software Install | G94: Infrastructure | H94: Agent G | I94: Davao | J94: Portal | K94: High | L94: Medium | M94: =IF(C94="","",C94-B94) -> 3 | N94: =IF(D94="P1",1, IF(D94="P2",3, IF(D94="P3",5,7))) -> 5 | O94: =IF(C94="","Open", IF(M94<=N94, "Met", "Breached")) -> Met | P94: =TEXT(B94,"mmm") -> Dec | Q94: =YEAR(B94) -> 2025 | R94: =IF(C94="","Open","Closed") -> Closed | S94: =IF(C94="","Open",TEXT(C94,"mmm")) -> Dec
A95: TCK-1091 | B95: 46018 | D95: P4 | E95: In Progress | F95: Software Install | G95: Security | H95: Agent M | I95: Iloilo | J95: Portal | K95: High | L95: Medium | M95: =IF(C95="","",C95-B95) | N95: =IF(D95="P1",1, IF(D95="P2",3, IF(D95="P3",5,7))) -> 7 | O95: =IF(C95="","Open", IF(M95<=N95, "Met", "Breached")) -> Open | P95: =TEXT(B95,"mmm") -> Dec | Q95: =YEAR(B95) -> 2025 | R95: =IF(C95="","Open","Closed") -> Open | S95: =IF(C95="","Open",TEXT(C95,"mmm")) -> Open
A96: TCK-1092 | B96: 45698 | C96: 45706 | D96: P2 | E96: Resolved | F96: Hardware Failure | G96: Security | H96: Agent B | I96: Clark | J96: Phone | K96: High | L96: High | M96: =IF(C96="","",C96-B96) -> 8 | N96: =IF(D96="P1",1, IF(D96="P2",3, IF(D96="P3",5,7))) -> 3 | O96: =IF(C96="","Open", IF(M96<=N96, "Met", "Breached")) -> Breached | P96: =TEXT(B96,"mmm") -> Feb | Q96: =YEAR(B96) -> 2025 | R96: =IF(C96="","Open","Closed") -> Closed | S96: =IF(C96="","Open",TEXT(C96,"mmm")) -> Feb
A97: TCK-1093 | B97: 45899 | D97: P1 | E97: Open | F97: Network Issue | G97: Network | H97: Agent J | I97: Iloilo | J97: Email | K97: Low | L97: Low | M97: =IF(C97="","",C97-B97) | N97: =IF(D97="P1",1, IF(D97="P2",3, IF(D97="P3",5,7))) -> 1 | O97: =IF(C97="","Open", IF(M97<=N97, "Met", "Breached")) -> Open | P97: =TEXT(B97,"mmm") -> Aug | Q97: =YEAR(B97) -> 2025 | R97: =IF(C97="","Open","Closed") -> Open | S97: =IF(C97="","Open",TEXT(C97,"mmm")) -> Open
A98: TCK-1094 | B98: 45677 | C98: 45677 | D98: P1 | E98: Closed | F98: Vpn Issue | G98: Infrastructure | H98: Agent A | I98: BGC | J98: Portal | K98: Medium | L98: Low | M98: =IF(C98="","",C98-B98) -> 0 | N98: =IF(D98="P1",1, IF(D98="P2",3, IF(D98="P3",5,7))) -> 1 | O98: =IF(C98="","Open", IF(M98<=N98, "Met", "Breached")) -> Met | P98: =TEXT(B98,"mmm") -> Jan | Q98: =YEAR(B98) -> 2025 | R98: =IF(C98="","Open","Closed") -> Closed | S98: =IF(C98="","Open",TEXT(C98,"mmm")) -> Jan
A99: TCK-1095 | B99: 45910 | C99: 45913 | D99: P2 | E99: Closed | F99: Network Issue | G99: Unassigned | H99: Agent J | I99: Makati | J99: Chat | K99: Medium | L99: Low | M99: =IF(C99="","",C99-B99) -> 3 | N99: =IF(D99="P1",1, IF(D99="P2",3, IF(D99="P3",5,7))) -> 3 | O99: =IF(C99="","Open", IF(M99<=N99, "Met", "Breached")) -> Met | P99: =TEXT(B99,"mmm") -> Sep | Q99: =YEAR(B99) -> 2025 | R99: =IF(C99="","Open","Closed") -> Closed | S99: =IF(C99="","Open",TEXT(C99,"mmm")) -> Sep
A100: TCK-1096 | B100: 45863 | C100: 45867 | D100: P2 | E100: Closed | F100: Vpn Issue | G100: Security | H100: Unassigned | I100: Manila | J100: Email | K100: Medium | L100: Medium | M100: =IF(C100="","",C100-B100) -> 4 | N100: =IF(D100="P1",1, IF(D100="P2",3, IF(D100="P3",5,7))) -> 3 | O100: =IF(C100="","Open", IF(M100<=N100, "Met", "Breached")) -> Breached | P100: =TEXT(B100,"mmm") -> Jul | Q100: =YEAR(B100) -> 2025 | R100: =IF(C100="","Open","Closed") -> Closed | S100: =IF(C100="","Open",TEXT(C100,"mmm")) -> Jul
...

Sheet Pivot Tables
B2: Pivot Table 1 – Ticket Volume by Priority | F2: Pivot Table 2 – Open vs. Closed Tickets | J2: Pivot Table 3 – Tickets by Category | N2: Pivot Table 4 – Tickets by Assignment Group
B3: Row Labels | C3: Count of Ticket_ID | F3: Row Labels | G3: Count of Ticket_ID | J3: Row Labels | K3: Count of Ticket_ID | N3: Row Labels | O3: Count of Ticket_ID
B4: P4 | C4: 120 | F4: Closed | G4: 362 | J4: Vpn Issue | K4: 70 | N4: Infrastructure | O4: 112
B5: P3 | C5: 121 | F5: Open | G5: 138 | J5: Password Reset | K5: 68 | N5: Service Desk | O5: 101
B6: P2 | C6: 143 | F6: Grand Total | G6: 500 | J6: Access Request | K6: 66 | N6: Security | O6: 94
B7: P1 | C7: 116 | J7: Email Issue | K7: 66 | N7: Applications | O7: 92
B8: Grand Total | C8: 500 | J8: Login Issue | K8: 61 | N8: Network | O8: 89
J9: Software Install | K9: 59 | N9: Unassigned | O9: 12
J10: Network Issue | K10: 57 | N10: Grand Total | O10: 500
J11: Hardware Failure | K11: 53
B12: Pivot Table 5 – SLA Performance | J12: Grand Total | K12: 500
B13: Row Labels | C13: Count of Ticket_ID
B14: Breached | C14: 44
B15: Met | C15: 318
B16: Open | C16: 138 | F16: Pivot Table 6 – Monthly Ticket Trend | J16: Pivot Table 7 – Average Resolution Time
B17: Grand Total | C17: 500 | F17: Row Labels | G17: Count of Ticket_ID | J17: Row Labels | K17: Average of Resolution_Time (Days)
F18: Jan | G18: 46 | J18: P1 | K18: 1.1829268
F19: Feb | G19: 43 | J19: P2 | K19: 2.1132075
F20: Mar | G20: 44 | J20: P3 | K20: 2.7738095
F21: Apr | G21: 25 | J21: P4 | K21: 3.9340659
F22: May | G22: 36 | J22: Grand Total | K22: 2.5123967
F23: Jun | G23: 36
F24: Jul | G24: 35
F25: Aug | G25: 50
F26: Sep | G26: 49
F27: Oct | G27: 47
F28: Nov | G28: 43
F29: Dec | G29: 46
F30: Grand Total | G30: 500

Sheet Dashboard
A1: IT Service Desk Performance Dashboard
B2: Reporting Period: January 2025 – December 2025 | J2: Met Count | K2: Breached Count
J3: ='Pivot Tables'!C15 -> 318 | K3: ='Pivot Tables'!C14 -> 44
G7: Total Tickets | H7: Open Tickets | I7: Closed tickets | J7: SLA Compliance (%) | K7: Avg Resolution Time
G8: ='Pivot Tables'!C8 -> 500 | H8: ='Pivot Tables'!G5 -> 138 | I8: ='Pivot Tables'!G4 -> 362 | J8: =J3/(J3+K3) -> 0.87845304 | K8: =(GETPIVOTDATA("Resolution_Time (Days)",'Pivot Tables'!$J$17)) -> 2.5123967

Sheet Cleaning Data
A1: Data Cleaning Process
A3: 1. Converted the Created Date and Resolved Date columns to a consistent date format (yyyy-mm-dd)
A5: 2. Validated the Resolved Date column:
A6: A blank Resolved Date is acceptable if the ticket status is Open or In Progress.
A8: If the status is Resolved or Closed but the Resolved Date is blank, the record is considered invalid.
A10: 3. Standardized text formatting by applying the TRIM() and PROPER() functions to columns E–L, except for Column I, since it contains acronym values that should remain unchanged.
A12: 4. Replaced missing values in the Assigned Agent and Assignment Group column with "Unassigned".
A14: 5. Corrected the misspelled category "Passwrod Reset" to "Password Reset" to ensure consistent category names.

Sheet Insights
A3: Key Insights
A5: 1. VPN Issue was the most common type of support request in the dataset.
A6: 2. The Service Desk handled the largest share of tickets compared to the other assignment groups.
A7: 3. About 86% of resolved tickets met the required SLA, while the rest were resolved beyond the target time.
A8: 4. On average, P1 and P2 tickets were resolved faster than P3 and P4 tickets, showing that higher-priority issues were handled first.
A9: 5. Monthly ticket counts remained relatively stable, with a slight increase during the middle of the year before declining toward the end of the reporting period.
